epoch,train_loss,val_loss,train_accuracy,val_accuracy
1,0.12982165813446045,0.06492932885885239,0.9599199891090393,0.9811999797821045
2,0.04327521473169327,0.05111520364880562,0.9865999817848206,0.9865000247955322
3,0.026376012712717056,0.042316243052482605,0.9912599921226501,0.9886999726295471
4,0.019115593284368515,0.0402030386030674,0.9933800101280212,0.9887999892234802
5,0.012259379960596561,0.048119112849235535,0.9958400130271912,0.9894999861717224
6,0.011786287650465965,0.054926518350839615,0.9961599707603455,0.9878000020980835
7,0.007152963895350695,0.05610736832022667,0.9976400136947632,0.9883000254631042
