epoch,train_loss,val_loss,train_accuracy,val_accuracy
1,0.13478119671344757,0.04923034831881523,0.9577199816703796,0.9847000241279602
2,0.04122184216976166,0.04433278739452362,0.9874399900436401,0.986299991607666
3,0.024758517742156982,0.05560294911265373,0.9919800162315369,0.9843000173568726
4,0.01760946959257126,0.04182259365916252,0.9942399859428406,0.9890000224113464
5,0.012255311012268066,0.04572548344731331,0.9958800077438354,0.989300012588501
6,0.009713261388242245,0.052934497594833374,0.996720016002655,0.9889000058174133
7,0.007304503582417965,0.04648980498313904,0.997439980506897,0.9876999855041504
