epoch,train_loss,val_loss,train_accuracy,val_accuracy
1,0.13622617721557617,0.05922584980726242,0.9585999846458435,0.9833999872207642
2,0.04143427312374115,0.0594278983771801,0.9872000217437744,0.982200026512146
3,0.02542565017938614,0.046807244420051575,0.9914600253105164,0.9876999855041504
4,0.017551999539136887,0.04423580318689346,0.993939995765686,0.9879000186920166
5,0.012760288082063198,0.055531200021505356,0.9955400228500366,0.9876999855041504
6,0.010009662248194218,0.03977100923657417,0.996999979019165,0.9897000193595886
7,0.008107458241283894,0.05710450932383537,0.9971200227737427,0.9879000186920166
8,0.0066534788347780704,0.06926950067281723,0.997759997844696,0.9865999817848206
9,0.00592668354511261,0.06499283015727997,0.9980599880218506,0.9865000247955322
