epoch,train_loss,val_loss,train_accuracy,val_accuracy
1,0.2306671142578125,0.057881541550159454,0.9291200041770935,0.984000027179718
2,0.09264081716537476,0.047411467880010605,0.9720399975776672,0.9876000285148621
3,0.07173442095518112,0.04145076498389244,0.977840006351471,0.9894000291824341
4,0.06191383674740791,0.03871079534292221,0.9818599820137024,0.9890999794006348
5,0.05152716860175133,0.039324961602687836,0.9845799803733826,0.9891999959945679
6,0.04713496193289757,0.04405456408858299,0.9857400059700012,0.9894999861717224
7,0.040431324392557144,0.04625634476542473,0.9874399900436401,0.9894000291824341
